{
    "loss": 0.28472980856895447,
    "accuracy": 0.8529411554336548
}