{
    "loss": 0.12150668352842331,
    "accuracy": 0.9411764740943909
}